음식이미지(ID),식당(ID),식당명,음식이미지(URL)
193,1239,원조18번완당,https://ukcooyocdlvo8099722.cdn.ntruss.com/public_data/menu_images/985754_1638846214_menu.jpg
194,1239,원조18번완당,https://ukcooyocdlvo8099722.cdn.ntruss.com/public_data/menu_images/985755_1638846215_menu.jpg
195,1239,원조18번완당,https://ukcooyocdlvo8099722.cdn.ntruss.com/public_data/menu_images/985756_1638846215_menu.png
196,1239,원조18번완당,https://ukcooyocdlvo8099722.cdn.ntruss.com/public_data/menu_images/985757_1638846215_menu.png
197,1239,원조18번완당,https://ukcooyocdlvo8099722.cdn.ntruss.com/public_data/menu_images/985758_1638846215_menu.png
198,1239,원조18번완당,https://ukcooyocdlvo8099722.cdn.ntruss.com/public_data/menu_images/985759_1638846215_menu.png
199,1239,원조18번완당,https://ukcooyocdlvo8099722.cdn.ntruss.com/public_data/menu_images/985760_1638846215_menu.png
200,1239,원조18번완당,https://ukcooyocdlvo8099722.cdn.ntruss.com/public_data/menu_images/985762_1638846215_menu.png
201,1239,원조18번완당,https://ukcooyocdlvo8099722.cdn.ntruss.com/public_data/menu_images/985763_1638846215_menu.png
202,1239,원조18번완당,https://ukcooyocdlvo8099722.cdn.ntruss.com/public_data/menu_images/985844_1638846215_menu.png
109,1946,롯데리아(부산비프광장점),https://ukcooyocdlvo8099722.cdn.ntruss.com/public_data/menu_images/2349003_1638843639_menu.png
51,2956,산성집,https://ukcooyocdlvo8099722.cdn.ntruss.com/public_data/menu_images/2396481_1638843247_menu.png
52,2956,산성집,https://ukcooyocdlvo8099722.cdn.ntruss.com/public_data/menu_images/2396483_1638843247_menu.png
53,2956,산성집,https://ukcooyocdlvo8099722.cdn.ntruss.com/public_data/menu_images/2396487_1638843247_menu.png
110,5269,기장멸치국수,https://ukcooyocdlvo8099722.cdn.ntruss.com/public_data/menu_images/2484706_1638843639_menu.png
111,5278,옛날국수,https://ukcooyocdlvo8099722.cdn.ntruss.com/public_data/menu_images/2207937_1638843640_menu.png
113,5278,옛날국수,https://ukcooyocdlvo8099722.cdn.ntruss.com/public_data/menu_images/2890577_1638843640_menu.png
115,5278,옛날국수,https://ukcooyocdlvo8099722.cdn.ntruss.com/public_data/menu_images/1358734_1638843640_menu.png
117,5856,오소리순대,https://ukcooyocdlvo8099722.cdn.ntruss.com/public_data/menu_images/2380684_1638843640_menu.png
118,5860,태화통닭,https://ukcooyocdlvo8099722.cdn.ntruss.com/public_data/menu_images/2484615_1638843640_menu.png
119,8025,새부평한우갈비,https://ukcooyocdlvo8099722.cdn.ntruss.com/public_data/menu_images/2469986_1638843640_menu.png
120,8030,봉짱,https://ukcooyocdlvo8099722.cdn.ntruss.com/public_data/menu_images/2483027_1638843640_menu.png
121,8052,서울깍두기,https://ukcooyocdlvo8099722.cdn.ntruss.com/public_data/menu_images/1032354_1638843640_menu.png
122,8059,우리집,https://ukcooyocdlvo8099722.cdn.ntruss.com/public_data/menu_images/2961297_1638843641_menu.png
123,8062,남포삼계탕,https://ukcooyocdlvo8099722.cdn.ntruss.com/public_data/menu_images/2883787_1638843641_menu.png
203,8064,할매집회국수,https://ukcooyocdlvo8099722.cdn.ntruss.com/public_data/menu_images/2977152_1638846216_menu.png
63,9815,서울삼계탕,https://ukcooyocdlvo8099722.cdn.ntruss.com/public_data/menu_images/2161974_1638843253_menu.png
65,9815,서울삼계탕,https://ukcooyocdlvo8099722.cdn.ntruss.com/public_data/menu_images/2161977_1638843253_menu.png
124,9819,어가초밥,https://ukcooyocdlvo8099722.cdn.ntruss.com/public_data/menu_images/2470240_1638843698_menu.png
125,9822,수복센타,https://ukcooyocdlvo8099722.cdn.ntruss.com/public_data/menu_images/1760404_1638843698_menu.png
126,11437,구포집,https://ukcooyocdlvo8099722.cdn.ntruss.com/public_data/menu_images/2347980_1638843698_menu.png
127,11438,생수숯불갈비,https://ukcooyocdlvo8099722.cdn.ntruss.com/public_data/menu_images/2469942_1638843698_menu.png
32,11445,개미집(원조직영점),https://ukcooyocdlvo8099722.cdn.ntruss.com/public_data/menu_images/2941347_1638842683_menu.png
34,11445,개미집(원조직영점),https://ukcooyocdlvo8099722.cdn.ntruss.com/public_data/menu_images/2941349_1638842683_menu.png
36,11445,개미집(원조직영점),https://ukcooyocdlvo8099722.cdn.ntruss.com/public_data/menu_images/2941350_1638842683_menu.png
38,11445,개미집(원조직영점),https://ukcooyocdlvo8099722.cdn.ntruss.com/public_data/menu_images/2941348_1638842683_menu.png
40,11445,개미집(원조직영점),https://ukcooyocdlvo8099722.cdn.ntruss.com/public_data/menu_images/2941352_1638842683_menu.png
42,11445,개미집(원조직영점),https://ukcooyocdlvo8099722.cdn.ntruss.com/public_data/menu_images/2941351_1638842684_menu.png
44,11445,개미집(원조직영점),https://ukcooyocdlvo8099722.cdn.ntruss.com/public_data/menu_images/2941362_1638842684_menu.png
128,13280,프로피자,https://ukcooyocdlvo8099722.cdn.ntruss.com/public_data/menu_images/2960147_1638843747_menu.png
129,13283,해전곱,https://ukcooyocdlvo8099722.cdn.ntruss.com/public_data/menu_images/1690615_1638843794_menu.png
130,13342,영광포차,https://ukcooyocdlvo8099722.cdn.ntruss.com/public_data/menu_images/3015973_1638843794_menu.png
112,13353,수영본가돼지국밥,https://ukcooyocdlvo8099722.cdn.ntruss.com/public_data/menu_images/2207937_1638843640_menu.png
132,15564,울릉도오징어횟집,https://ukcooyocdlvo8099722.cdn.ntruss.com/public_data/menu_images/2569563_1638843796_menu.png
133,17809,청진동해장국,https://ukcooyocdlvo8099722.cdn.ntruss.com/public_data/menu_images/2907357_1638843796_menu.png
134,17817,뜰안에,https://ukcooyocdlvo8099722.cdn.ntruss.com/public_data/menu_images/2470166_1638843796_menu.png
135,17853,소삼대,https://ukcooyocdlvo8099722.cdn.ntruss.com/public_data/menu_images/2361044_1638843796_menu.png
136,20137,육회달인(부평점),https://ukcooyocdlvo8099722.cdn.ntruss.com/public_data/menu_images/2483075_1638843796_menu.png
146,34283,명품포항참가자미,https://ukcooyocdlvo8099722.cdn.ntruss.com/public_data/menu_images/2471958_1638844037_menu.png
152,34497,진미낙지마을,https://ukcooyocdlvo8099722.cdn.ntruss.com/public_data/menu_images/2167434_1638844962_menu.png
101,34618,배비장보쌈(구서본점),https://ukcooyocdlvo8099722.cdn.ntruss.com/public_data/menu_images/2079114_1638843360_menu.png
103,34618,배비장보쌈(구서본점),https://ukcooyocdlvo8099722.cdn.ntruss.com/public_data/menu_images/2079122_1638843360_menu.png
105,34618,배비장보쌈(구서본점),https://ukcooyocdlvo8099722.cdn.ntruss.com/public_data/menu_images/2079348_1638843360_menu.png
107,34618,배비장보쌈(구서본점),https://ukcooyocdlvo8099722.cdn.ntruss.com/public_data/menu_images/2079351_1638843360_menu.png
163,46403,정원바다횟집,https://ukcooyocdlvo8099722.cdn.ntruss.com/public_data/menu_images/2472015_1638845055_menu.png
131,54348,영광횟집,https://ukcooyocdlvo8099722.cdn.ntruss.com/public_data/menu_images/3015973_1638843794_menu.png
116,54380,조선칼국수,https://ukcooyocdlvo8099722.cdn.ntruss.com/public_data/menu_images/1358734_1638843640_menu.png
151,64047,신대감집,https://ukcooyocdlvo8099722.cdn.ntruss.com/public_data/menu_images/2408545_1638844961_menu.png
56,64058,양지탕,https://ukcooyocdlvo8099722.cdn.ntruss.com/public_data/menu_images/2973037_1638843251_menu.png
164,64072,정원바다횟집,https://ukcooyocdlvo8099722.cdn.ntruss.com/public_data/menu_images/2472015_1638845055_menu.png
75,75631,별난낙지(하단점),https://ukcooyocdlvo8099722.cdn.ntruss.com/public_data/menu_images/810708_1638843273_menu.png
76,75631,별난낙지(하단점),https://ukcooyocdlvo8099722.cdn.ntruss.com/public_data/menu_images/810848_1638843273_menu.png
77,75631,별난낙지(하단점),https://ukcooyocdlvo8099722.cdn.ntruss.com/public_data/menu_images/810707_1638843273_menu.png
81,75667,청사초롱,https://ukcooyocdlvo8099722.cdn.ntruss.com/public_data/menu_images/838286_1638843274_menu.png
82,75667,청사초롱,https://ukcooyocdlvo8099722.cdn.ntruss.com/public_data/menu_images/838288_1638843274_menu.png
83,75667,청사초롱,https://ukcooyocdlvo8099722.cdn.ntruss.com/public_data/menu_images/838635_1638843274_menu.png
84,75667,청사초롱,https://ukcooyocdlvo8099722.cdn.ntruss.com/public_data/menu_images/838284_1638843274_menu.png
190,87194,한솥도시락(동아대점),https://ukcooyocdlvo8099722.cdn.ntruss.com/public_data/menu_images/2326212_1638846184_menu.png
64,98902,원조서울삼계탕,https://ukcooyocdlvo8099722.cdn.ntruss.com/public_data/menu_images/2161974_1638843253_menu.png
66,98902,원조서울삼계탕,https://ukcooyocdlvo8099722.cdn.ntruss.com/public_data/menu_images/2161977_1638843253_menu.png
166,98903,배스킨라빈스(부산부평점),https://ukcooyocdlvo8099722.cdn.ntruss.com/public_data/menu_images/2320802_1638845060_menu.png
191,99513,대성관초밥,https://ukcooyocdlvo8099722.cdn.ntruss.com/public_data/menu_images/2476169_1638846184_menu.jpg
57,99587,원조메,https://ukcooyocdlvo8099722.cdn.ntruss.com/public_data/menu_images/1669446_1638843252_menu.png
54,112538,오륙도낙지,https://ukcooyocdlvo8099722.cdn.ntruss.com/public_data/menu_images/1261894_1638843250_menu.png
55,112538,오륙도낙지,https://ukcooyocdlvo8099722.cdn.ntruss.com/public_data/menu_images/1261897_1638843250_menu.png
162,126507,맛송송면집,https://ukcooyocdlvo8099722.cdn.ntruss.com/public_data/menu_images/2115034_1638845055_menu.png
33,126543,개미집(본점),https://ukcooyocdlvo8099722.cdn.ntruss.com/public_data/menu_images/2941347_1638842683_menu.png
35,126543,개미집(본점),https://ukcooyocdlvo8099722.cdn.ntruss.com/public_data/menu_images/2941349_1638842683_menu.png
37,126543,개미집(본점),https://ukcooyocdlvo8099722.cdn.ntruss.com/public_data/menu_images/2941350_1638842683_menu.png
39,126543,개미집(본점),https://ukcooyocdlvo8099722.cdn.ntruss.com/public_data/menu_images/2941348_1638842683_menu.png
41,126543,개미집(본점),https://ukcooyocdlvo8099722.cdn.ntruss.com/public_data/menu_images/2941352_1638842683_menu.png
43,126543,개미집(본점),https://ukcooyocdlvo8099722.cdn.ntruss.com/public_data/menu_images/2941351_1638842684_menu.png
45,126543,개미집(본점),https://ukcooyocdlvo8099722.cdn.ntruss.com/public_data/menu_images/2941362_1638842684_menu.png
60,127351,예향,https://ukcooyocdlvo8099722.cdn.ntruss.com/public_data/menu_images/2476362_1638843252_menu.png
61,127351,예향,https://ukcooyocdlvo8099722.cdn.ntruss.com/public_data/menu_images/2476363_1638843253_menu.png
62,127351,예향,https://ukcooyocdlvo8099722.cdn.ntruss.com/public_data/menu_images/2476364_1638843253_menu.png
102,127405,배비장보쌈(구서본점),https://ukcooyocdlvo8099722.cdn.ntruss.com/public_data/menu_images/2079114_1638843360_menu.png
104,127405,배비장보쌈(구서본점),https://ukcooyocdlvo8099722.cdn.ntruss.com/public_data/menu_images/2079122_1638843360_menu.png
106,127405,배비장보쌈(구서본점),https://ukcooyocdlvo8099722.cdn.ntruss.com/public_data/menu_images/2079348_1638843360_menu.png
108,127405,배비장보쌈(구서본점),https://ukcooyocdlvo8099722.cdn.ntruss.com/public_data/menu_images/2079351_1638843360_menu.png
94,145576,할매칼국수,https://ukcooyocdlvo8099722.cdn.ntruss.com/public_data/menu_images/948625_1638843358_menu.png
95,145576,할매칼국수,https://ukcooyocdlvo8099722.cdn.ntruss.com/public_data/menu_images/948626_1638843358_menu.png
96,145576,할매칼국수,https://ukcooyocdlvo8099722.cdn.ntruss.com/public_data/menu_images/948627_1638843358_menu.png
97,145576,할매칼국수,https://ukcooyocdlvo8099722.cdn.ntruss.com/public_data/menu_images/948629_1638843359_menu.png
137,167953,하늘어장,https://ukcooyocdlvo8099722.cdn.ntruss.com/public_data/menu_images/1404774_1638843930_menu.png
157,167966,양식당,https://ukcooyocdlvo8099722.cdn.ntruss.com/public_data/menu_images/2748945_1638845051_menu.png
1,168391,세연정,https://ukcooyocdlvo8099722.cdn.ntruss.com/public_data/menu_images/2966657_1638842372_menu.JPG
3,168391,세연정,https://ukcooyocdlvo8099722.cdn.ntruss.com/public_data/menu_images/2966658_1638842372_menu.JPG
5,168391,세연정,https://ukcooyocdlvo8099722.cdn.ntruss.com/public_data/menu_images/2966664_1638842372_menu.JPG
7,168391,세연정,https://ukcooyocdlvo8099722.cdn.ntruss.com/public_data/menu_images/2967116_1638842372_menu.JPG
9,168391,세연정,https://ukcooyocdlvo8099722.cdn.ntruss.com/public_data/menu_images/2966663_1638842373_menu.JPG
11,168391,세연정,https://ukcooyocdlvo8099722.cdn.ntruss.com/public_data/menu_images/2966666_1638842373_menu.JPG
13,168391,세연정,https://ukcooyocdlvo8099722.cdn.ntruss.com/public_data/menu_images/2967114_1638842373_menu.JPG
15,168391,세연정,https://ukcooyocdlvo8099722.cdn.ntruss.com/public_data/menu_images/2966665_1638842373_menu.JPG
17,168391,세연정,https://ukcooyocdlvo8099722.cdn.ntruss.com/public_data/menu_images/2967115_1638842373_menu.JPG
59,168736,괴정생아구전문,https://ukcooyocdlvo8099722.cdn.ntruss.com/public_data/menu_images/1019165_1638843252_menu.png
156,168742,남다른감자탕(부산하단점),https://ukcooyocdlvo8099722.cdn.ntruss.com/public_data/menu_images/2639153_1638845020_menu.png
24,189288,고려홍삼삼계탕,https://ukcooyocdlvo8099722.cdn.ntruss.com/public_data/menu_images/1818624_1638842682_menu.PNG
25,189288,고려홍삼삼계탕,https://ukcooyocdlvo8099722.cdn.ntruss.com/public_data/menu_images/1818625_1638842682_menu.PNG
26,189288,고려홍삼삼계탕,https://ukcooyocdlvo8099722.cdn.ntruss.com/public_data/menu_images/1818626_1638842682_menu.PNG
27,189288,고려홍삼삼계탕,https://ukcooyocdlvo8099722.cdn.ntruss.com/public_data/menu_images/1818632_1638842682_menu.PNG
176,189378,세븐펍,https://ukcooyocdlvo8099722.cdn.ntruss.com/public_data/menu_images/3045285_1638845098_menu.png
178,189378,세븐펍,https://ukcooyocdlvo8099722.cdn.ntruss.com/public_data/menu_images/3045286_1638845098_menu.png
180,189378,세븐펍,https://ukcooyocdlvo8099722.cdn.ntruss.com/public_data/menu_images/3045359_1638845098_menu.png
182,189378,세븐펍,https://ukcooyocdlvo8099722.cdn.ntruss.com/public_data/menu_images/3045360_1638845098_menu.png
184,189378,세븐펍,https://ukcooyocdlvo8099722.cdn.ntruss.com/public_data/menu_images/3045361_1638845099_menu.png
78,189415,삼부식당,https://ukcooyocdlvo8099722.cdn.ntruss.com/public_data/menu_images/2864928_1638843273_menu.png
79,189415,삼부식당,https://ukcooyocdlvo8099722.cdn.ntruss.com/public_data/menu_images/2864930_1638843273_menu.png
80,189415,삼부식당,https://ukcooyocdlvo8099722.cdn.ntruss.com/public_data/menu_images/2864935_1638843274_menu.png
67,189576,맛나감자탕(사직점),https://ukcooyocdlvo8099722.cdn.ntruss.com/public_data/menu_images/1864486_1638843254_menu.png
68,189576,맛나감자탕(사직점),https://ukcooyocdlvo8099722.cdn.ntruss.com/public_data/menu_images/1864674_1638843254_menu.png
99,190320,만포장회전문점,https://ukcooyocdlvo8099722.cdn.ntruss.com/public_data/menu_images/2477139_1638843359_menu.png
100,190320,만포장회전문점,https://ukcooyocdlvo8099722.cdn.ntruss.com/public_data/menu_images/2477141_1638843359_menu.png
58,210498,시골돼지국밥,https://ukcooyocdlvo8099722.cdn.ntruss.com/public_data/menu_images/1297404_1638843252_menu.png
187,248777,스타벅스(BIFF광장점),https://ukcooyocdlvo8099722.cdn.ntruss.com/public_data/menu_images/2347607_1638846183_menu.png
46,248815,옛날오막집,https://ukcooyocdlvo8099722.cdn.ntruss.com/public_data/menu_images/791304_1638842685_menu.png
47,248815,옛날오막집,https://ukcooyocdlvo8099722.cdn.ntruss.com/public_data/menu_images/791305_1638842685_menu.png
48,248815,옛날오막집,https://ukcooyocdlvo8099722.cdn.ntruss.com/public_data/menu_images/791307_1638842685_menu.png
49,248815,옛날오막집,https://ukcooyocdlvo8099722.cdn.ntruss.com/public_data/menu_images/791309_1638842685_menu.png
142,269352,푸라닭(부산부평점),https://ukcooyocdlvo8099722.cdn.ntruss.com/public_data/menu_images/2381187_1638844035_menu.png
2,269663,세연정,https://ukcooyocdlvo8099722.cdn.ntruss.com/public_data/menu_images/2966657_1638842372_menu.JPG
4,269663,세연정,https://ukcooyocdlvo8099722.cdn.ntruss.com/public_data/menu_images/2966658_1638842372_menu.JPG
6,269663,세연정,https://ukcooyocdlvo8099722.cdn.ntruss.com/public_data/menu_images/2966664_1638842372_menu.JPG
8,269663,세연정,https://ukcooyocdlvo8099722.cdn.ntruss.com/public_data/menu_images/2967116_1638842372_menu.JPG
10,269663,세연정,https://ukcooyocdlvo8099722.cdn.ntruss.com/public_data/menu_images/2966663_1638842373_menu.JPG
12,269663,세연정,https://ukcooyocdlvo8099722.cdn.ntruss.com/public_data/menu_images/2966666_1638842373_menu.JPG
14,269663,세연정,https://ukcooyocdlvo8099722.cdn.ntruss.com/public_data/menu_images/2967114_1638842373_menu.JPG
16,269663,세연정,https://ukcooyocdlvo8099722.cdn.ntruss.com/public_data/menu_images/2966665_1638842373_menu.JPG
18,269663,세연정,https://ukcooyocdlvo8099722.cdn.ntruss.com/public_data/menu_images/2967115_1638842373_menu.JPG
19,269956,외식일번가,https://ukcooyocdlvo8099722.cdn.ntruss.com/public_data/menu_images/2300969_1638842680_menu.png
20,269956,외식일번가,https://ukcooyocdlvo8099722.cdn.ntruss.com/public_data/menu_images/2300972_1638842680_menu.png
21,269956,외식일번가,https://ukcooyocdlvo8099722.cdn.ntruss.com/public_data/menu_images/2300975_1638842680_menu.png
22,269956,외식일번가,https://ukcooyocdlvo8099722.cdn.ntruss.com/public_data/menu_images/2300976_1638842680_menu.png
23,269956,외식일번가,https://ukcooyocdlvo8099722.cdn.ntruss.com/public_data/menu_images/2300973_1638842681_menu.png
85,270054,푸주옥(부산점),https://ukcooyocdlvo8099722.cdn.ntruss.com/public_data/menu_images/1384864_1638843357_menu.png
86,270054,푸주옥(부산점),https://ukcooyocdlvo8099722.cdn.ntruss.com/public_data/menu_images/1384865_1638843357_menu.png
87,270054,푸주옥(부산점),https://ukcooyocdlvo8099722.cdn.ntruss.com/public_data/menu_images/1384866_1638843357_menu.png
88,270054,푸주옥(부산점),https://ukcooyocdlvo8099722.cdn.ntruss.com/public_data/menu_images/1384867_1638843357_menu.png
89,270054,푸주옥(부산점),https://ukcooyocdlvo8099722.cdn.ntruss.com/public_data/menu_images/1384868_1638843357_menu.png
90,270054,푸주옥(부산점),https://ukcooyocdlvo8099722.cdn.ntruss.com/public_data/menu_images/1384869_1638843357_menu.png
153,290811,동원양곱창12호,https://ukcooyocdlvo8099722.cdn.ntruss.com/public_data/menu_images/2835903_1638844992_menu.png
167,314351,박가부대(부산하단점),https://ukcooyocdlvo8099722.cdn.ntruss.com/public_data/menu_images/2314951_1638845061_menu.png
188,339612,이디야커피(동아대점),https://ukcooyocdlvo8099722.cdn.ntruss.com/public_data/menu_images/2473722_1638846183_menu.JPG
73,367179,강원삼계탕,https://ukcooyocdlvo8099722.cdn.ntruss.com/public_data/menu_images/1118784_1638843272_menu.png
74,367179,강원삼계탕,https://ukcooyocdlvo8099722.cdn.ntruss.com/public_data/menu_images/1118786_1638843272_menu.png
50,367213,아이온파티,https://ukcooyocdlvo8099722.cdn.ntruss.com/public_data/menu_images/1117684_1638842686_menu.jpg
143,397699,뉴리틀인디아,https://ukcooyocdlvo8099722.cdn.ntruss.com/public_data/menu_images/2583140_1638844036_menu.png
159,398842,스타벅스(하단중앙점),https://ukcooyocdlvo8099722.cdn.ntruss.com/public_data/menu_images/2578606_1638845054_menu.png
28,399407,백양가든,https://ukcooyocdlvo8099722.cdn.ntruss.com/public_data/menu_images/760827_1638842682_menu.png
29,399407,백양가든,https://ukcooyocdlvo8099722.cdn.ntruss.com/public_data/menu_images/760908_1638842682_menu.png
30,399407,백양가든,https://ukcooyocdlvo8099722.cdn.ntruss.com/public_data/menu_images/760910_1638842682_menu.png
31,399407,백양가든,https://ukcooyocdlvo8099722.cdn.ntruss.com/public_data/menu_images/760911_1638842683_menu.png
69,429572,바다호호복국,https://ukcooyocdlvo8099722.cdn.ntruss.com/public_data/menu_images/2925707_1638843254_menu.png
70,429572,바다호호복국,https://ukcooyocdlvo8099722.cdn.ntruss.com/public_data/menu_images/2925710_1638843254_menu.png
71,429572,바다호호복국,https://ukcooyocdlvo8099722.cdn.ntruss.com/public_data/menu_images/2925711_1638843254_menu.png
72,429572,바다호호복국,https://ukcooyocdlvo8099722.cdn.ntruss.com/public_data/menu_images/2925714_1638843254_menu.png
98,467977,소향갈비탕소불고기전골,https://ukcooyocdlvo8099722.cdn.ntruss.com/public_data/menu_images/1699204_1638843359_menu.png
91,519682,명송,https://ukcooyocdlvo8099722.cdn.ntruss.com/public_data/menu_images/1253214_1638843358_menu.png
92,519682,명송,https://ukcooyocdlvo8099722.cdn.ntruss.com/public_data/menu_images/1253216_1638843358_menu.png
93,519682,명송,https://ukcooyocdlvo8099722.cdn.ntruss.com/public_data/menu_images/1253218_1638843358_menu.png
114,522166,수복식당,https://ukcooyocdlvo8099722.cdn.ntruss.com/public_data/menu_images/2890577_1638843640_menu.png
171,534649,써브웨이(동아대점),https://ukcooyocdlvo8099722.cdn.ntruss.com/public_data/menu_images/2694584_1638845092_menu.png
139,544938,동래통닭(범일점),https://ukcooyocdlvo8099722.cdn.ntruss.com/public_data/menu_images/2702473_1638843931_menu.png
192,557935,해강횟집,https://ukcooyocdlvo8099722.cdn.ntruss.com/public_data/menu_images/2476245_1638846185_menu.jpg
165,561663,토스트럭(부산범일점),https://ukcooyocdlvo8099722.cdn.ntruss.com/public_data/menu_images/2306819_1638845059_menu.png
158,610213,배스킨라빈스(부산괴정점),https://ukcooyocdlvo8099722.cdn.ntruss.com/public_data/menu_images/2783721_1638845053_menu.png
169,613087,개성삼계탕,https://ukcooyocdlvo8099722.cdn.ntruss.com/public_data/menu_images/2632304_1638845092_menu.png
144,616628,스타벅스(자갈치역점),https://ukcooyocdlvo8099722.cdn.ntruss.com/public_data/menu_images/2567406_1638844036_menu.png
170,619334,시부야 넘버원,https://ukcooyocdlvo8099722.cdn.ntruss.com/public_data/menu_images/2961324_1638845092_menu.png
160,621041,아수라,https://ukcooyocdlvo8099722.cdn.ntruss.com/public_data/menu_images/3033747_1638845054_menu.png
161,628313,아수라(남포점),https://ukcooyocdlvo8099722.cdn.ntruss.com/public_data/menu_images/3033747_1638845054_menu.png
154,633779,동원양곱창,https://ukcooyocdlvo8099722.cdn.ntruss.com/public_data/menu_images/2835903_1638844992_menu.png
175,649214,영도다리횟집,https://ukcooyocdlvo8099722.cdn.ntruss.com/public_data/menu_images/1782942_1638845097_menu.png
173,688087,닭도리탕N부대찌개이층집,https://ukcooyocdlvo8099722.cdn.ntruss.com/public_data/menu_images/2422279_1638845096_menu.png
174,688087,닭도리탕N부대찌개이층집,https://ukcooyocdlvo8099722.cdn.ntruss.com/public_data/menu_images/2422282_1638845096_menu.png
155,691488,동원양곱창(1호점),https://ukcooyocdlvo8099722.cdn.ntruss.com/public_data/menu_images/2835903_1638844992_menu.png
177,702403,세븐펍,https://ukcooyocdlvo8099722.cdn.ntruss.com/public_data/menu_images/3045285_1638845098_menu.png
179,702403,세븐펍,https://ukcooyocdlvo8099722.cdn.ntruss.com/public_data/menu_images/3045286_1638845098_menu.png
181,702403,세븐펍,https://ukcooyocdlvo8099722.cdn.ntruss.com/public_data/menu_images/3045359_1638845098_menu.png
183,702403,세븐펍,https://ukcooyocdlvo8099722.cdn.ntruss.com/public_data/menu_images/3045360_1638845098_menu.png
185,702403,세븐펍,https://ukcooyocdlvo8099722.cdn.ntruss.com/public_data/menu_images/3045361_1638845099_menu.png
168,749317,투데이즈 삐딱,https://ukcooyocdlvo8099722.cdn.ntruss.com/public_data/menu_images/2391076_1638845062_menu.png
172,766534,미소정,https://ukcooyocdlvo8099722.cdn.ntruss.com/public_data/menu_images/2420248_1638845094_menu.png
186,870563,스타벅스(서면문화로점),https://ukcooyocdlvo8099722.cdn.ntruss.com/public_data/menu_images/2822567_1638846183_menu.JPG
148,884828,청담회장님댁,https://ukcooyocdlvo8099722.cdn.ntruss.com/public_data/menu_images/3171606_1638844961_menu.png
149,891810,청담 회장님댁,https://ukcooyocdlvo8099722.cdn.ntruss.com/public_data/menu_images/3171606_1638844961_menu.png
150,899520,제이제이마카롱,https://ukcooyocdlvo8099722.cdn.ntruss.com/public_data/menu_images/1855424_1638844961_menu.png
145,909084,경양카츠(해리단길점),https://ukcooyocdlvo8099722.cdn.ntruss.com/public_data/menu_images/3129684_1638844036_menu.png
189,917688,스타벅스(그랜드조선 부산점),https://ukcooyocdlvo8099722.cdn.ntruss.com/public_data/menu_images/2811910_1638846183_menu.png
147,920083,리안광,https://ukcooyocdlvo8099722.cdn.ntruss.com/public_data/menu_images/3134942_1638844556_menu.png
140,941321,문토스트(남천점),https://ukcooyocdlvo8099722.cdn.ntruss.com/public_data/menu_images/1504527_1638844034_menu.png
141,941825,스케줄,https://ukcooyocdlvo8099722.cdn.ntruss.com/public_data/menu_images/3159952_1638844035_menu.png
138,949455,누리왕만두,https://ukcooyocdlvo8099722.cdn.ntruss.com/public_data/menu_images/2550589_1638843931_menu.png
